{
  "K": 3,
  "DistanceType": "DistanceEuclidienne",
  "DateExecution": "2026-02-10T09:00:01.2783226-05:00",
  "TrainingSize": 139,
  "TestSize": 71,
  "Accuracy": 0.9154929577464789,
  "ConfusionMatrix": [
    [
      19,
      2,
      3
    ],
    [
      1,
      22,
      0
    ],
    [
      0,
      0,
      24
    ]
  ]
}