{
  "K": 3,
  "DistanceType": "DistanceEuclidienne",
  "DateExecution": "2026-02-14T19:38:42.6552447-05:00",
  "TrainingSize": 139,
  "TestSize": 71,
  "Accuracy": 0.9154929577464789,
  "ConfusionMatrix": [
    [
      19,
      2,
      3
    ],
    [
      1,
      22,
      0
    ],
    [
      0,
      0,
      24
    ]
  ]
}